timestamp,uptime,miner_secs,miner_version,version,hostname,ip,cpu_temp,gpus,working_gpus,hash,proxy_problem,miner_hashes,rejected_shares,fanrpm,fanpercent,temp,temp_avg,temp_max,bioses,core,mem,voltage,watts,powertune
1528045656,9003,None,v11.6,1.3.1,None,None,33,2,2,30,working,30 30,0 0 0 0 0 0,1935 1939,49 49,45.00 49.00,47,49,bios0 bios1,1200 1200,2225 2225,0.852 0.878,106 109,5 5
1528045666,9003,None,v11.6,1.3.1,None,None,33,2,2,30,working,30 30,0 0 0 0 0 0,1935 1939,49 49,45.00 49.00,47,49,bios0 bios1,1200 1200,2225 2225,0.852 0.878,106 109,5 5
1528045676,9003,None,v11.6,1.3.1,None,None,33,2,2,30,working,30 30,0 0 0 0 0 0,1935 1939,49 49,45.00 49.00,47,49,bios0 bios1,1200 1200,2225 2225,0.852 0.878,106 109,5 5
1528045868,9003,None,v11.6,1.3.1,None,None,33,2,2,30,working,30 30,0 0 0 0 0 0,1935 1939,49 49,45.00 49.00,47,49,bios0 bios1,1200 1200,2225 2225,0.852 0.878,106 109,5 5
1528045986,9003,None,v11.6,1.3.1,None,None,33,2,2,30,working,30 30,0 0 0 0 0 0,1935 1939,49 49,45.00 49.00,47,49,bios0 bios1,1200 1200,2225 2225,0.852 0.878,106 109,5 5
1528046025,9003,None,v11.6,1.3.1,None,None,33,2,2,30,working,30 30,0 0 0 0 0 0,1935 1939,49 49,45.00 49.00,47,49,bios0 bios1,1200 1200,2225 2225,0.852 0.878,106 109,5 5
1528046106,9003,None,v11.6,1.3.1,None,None,33,2,2,30,working,30 30,0 0 0 0 0 0,1935 1939,49 49,45.00 49.00,47,49,bios0 bios1,1200 1200,2225 2225,0.852 0.878,106 109,5 5
1528046205,9003,None,v11.6,1.3.1,None,None,33,2,2,30,working,30 30,0 0 0 0 0 0,1935 1939,49 49,45.00 49.00,47,49,bios0 bios1,1200 1200,2225 2225,0.852 0.878,106 109,5 5
1528046251,9003,None,v11.6,1.3.1,None,None,33,2,2,30,working,30 30,0 0 0 0 0 0,1935 1939,49 49,45.00 49.00,47,49,bios0 bios1,1200 1200,2225 2225,0.852 0.878,106 109,5 5
1528046261,9003,None,v11.6,1.3.1,None,None,33,2,2,30,working,30 30,0 0 0 0 0 0,1935 1939,49 49,45.00 49.00,47,49,bios0 bios1,1200 1200,2225 2225,0.852 0.878,106 109,5 5
1528046271,9003,None,v11.6,1.3.1,None,None,33,2,2,30,working,30 30,0 0 0 0 0 0,1935 1939,49 49,45.00 49.00,47,49,bios0 bios1,1200 1200,2225 2225,0.852 0.878,106 109,5 5
1528046281,9003,None,v11.6,1.3.1,None,None,33,2,2,30,working,30 30,0 0 0 0 0 0,1935 1939,49 49,45.00 49.00,47,49,bios0 bios1,1200 1200,2225 2225,0.852 0.878,106 109,5 5
1528046291,9003,None,v11.6,1.3.1,None,None,33,2,2,30,working,30 30,0 0 0 0 0 0,1935 1939,49 49,45.00 49.00,47,49,bios0 bios1,1200 1200,2225 2225,0.852 0.878,106 109,5 5
1528046478,9003,None,v11.6,1.3.1,None,None,33,2,2,30,working,30 30,0 0 0 0 0 0,1935 1939,49 49,85.00 49.00,67,85,bios0 bios1,1200 1200,2225 2225,0.852 0.878,106 109,5 5
1528046542,9003,None,v11.6,1.3.1,None,None,33,2,1,30,working,0 30,0 0 0 0 0 0,1935 1939,49 49,45.00 49.00,94,49,bios0 bios1,1200 1200,2225 2225,0.852 0.878,106 109,5 5
1528046612,9003,None,v11.6,1.3.1,None,None,33,2,1,30,working,0 30,0 0 0 0 0 0,1935 1939,49 49,45.00 49.00,94,49,bios0 bios1,1200 1200,2225 2225,0.852 0.878,106 109,5 5
1528046678,9003,None,v11.6,1.3.1,None,None,33,2,1,30,working,0 30,0 0 0 0 0 0,1935 1939,49 49,45.00 49.00,94,49,bios0 bios1,1200 1200,2225 2225,0.852 0.878,106 109,5 5
1528046744,9003,None,v11.6,1.3.1,None,None,33,2,1,30,working,0 30,0 0 0 0 0 0,1935 1939,49 49,45.00 49.00,94,49,bios0 bios1,1200 1200,2225 2225,0.852 0.878,106 109,5 5
1528046790,9003,None,v11.6,1.3.1,None,None,33,2,1,30,working,0 30,0 0 0 0 0 0,1935 1939,49 49,45.00 49.00,94,49,bios0 bios1,1200 1200,2225 2225,0.852 0.878,106 109,5 5
1528046980,9003,None,v11.6,1.3.1,None,None,33,2,1,30,working,0 30,0 0 0 0 0 0,1935 1939,49 49,45.00 49.00,94,49,bios0 bios1,1200 1200,2225 2225,0.852 0.878,106 109,5 5
1528046990,9003,None,v11.6,1.3.1,None,None,33,2,1,30,working,0 30,0 0 0 0 0 0,1935 1939,49 49,45.00 49.00,94,49,bios0 bios1,1200 1200,2225 2225,0.852 0.878,106 109,5 5
1528047314,9003,None,v11.6,1.3.1,None,None,33,2,2,60,working,30 30,0 0 0 0 0 0,1935 1939,49 49,45.00 49.00,47,49,bios0 bios1,1200 1200,2225 2225,0.852 0.878,106 109,5 5
1528047324,9003,None,v11.6,1.3.1,None,None,33,2,2,60,working,30 30,0 0 0 0 0 0,1935 1939,49 49,45.00 49.00,47,49,bios0 bios1,1200 1200,2225 2225,0.852 0.878,106 109,5 5
1528047334,9003,None,v11.6,1.3.1,None,None,33,2,2,60,working,30 30,0 0 0 0 0 0,1935 1939,49 49,45.00 49.00,47,49,bios0 bios1,1200 1200,2225 2225,0.852 0.878,106 109,5 5
1528047344,9003,None,v11.6,1.3.1,None,None,33,2,2,60,working,30 30,0 0 0 0 0 0,1935 1939,49 49,45.00 49.00,47,49,bios0 bios1,1200 1200,2225 2225,0.852 0.878,106 109,5 5
1528047354,9003,None,v11.6,1.3.1,None,None,33,2,2,60,working,30 30,0 0 0 0 0 0,1935 1939,49 49,45.00 49.00,47,49,bios0 bios1,1200 1200,2225 2225,0.852 0.878,106 109,5 5
1528047364,9003,None,v11.6,1.3.1,None,None,33,2,2,60,working,30 30,0 0 0 0 0 0,1935 1939,49 49,45.00 49.00,47,49,bios0 bios1,1200 1200,2225 2225,0.852 0.878,106 109,5 5
1528047374,9003,None,v11.6,1.3.1,None,None,33,2,2,60,working,30 30,0 0 0 0 0 0,1935 1939,49 49,45.00 49.00,47,49,bios0 bios1,1200 1200,2225 2225,0.852 0.878,106 109,5 5
1528047384,9003,None,v11.6,1.3.1,None,None,33,2,2,60,working,30 30,0 0 0 0 0 0,1935 1939,49 49,45.00 49.00,47,49,bios0 bios1,1200 1200,2225 2225,0.852 0.878,106 109,5 5
1528047394,9003,None,v11.6,1.3.1,None,None,33,2,2,60,working,30 30,0 0 0 0 0 0,1935 1939,49 49,45.00 49.00,47,49,bios0 bios1,1200 1200,2225 2225,0.852 0.878,106 109,5 5
1528047404,9003,None,v11.6,1.3.1,None,None,33,2,2,60,working,30 30,0 0 0 0 0 0,1935 1939,49 49,45.00 49.00,47,49,bios0 bios1,1200 1200,2225 2225,0.852 0.878,106 109,5 5
1528047414,9003,None,v11.6,1.3.1,None,None,33,2,2,60,working,30 30,0 0 0 0 0 0,1935 1939,49 49,45.00 49.00,47,49,bios0 bios1,1200 1200,2225 2225,0.852 0.878,106 109,5 5
1528047424,9003,None,v11.6,1.3.1,None,None,33,2,2,60,working,30 30,0 0 0 0 0 0,1935 1939,49 49,45.00 49.00,47,49,bios0 bios1,1200 1200,2225 2225,0.852 0.878,106 109,5 5
1528047434,9003,None,v11.6,1.3.1,None,None,33,2,2,60,working,30 30,0 0 0 0 0 0,1935 1939,49 49,45.00 49.00,47,49,bios0 bios1,1200 1200,2225 2225,0.852 0.878,106 109,5 5
1528047444,9003,None,v11.6,1.3.1,None,None,33,2,2,60,working,30 30,0 0 0 0 0 0,1935 1939,49 49,45.00 49.00,47,49,bios0 bios1,1200 1200,2225 2225,0.852 0.878,106 109,5 5
1528047454,9003,None,v11.6,1.3.1,None,None,33,2,2,60,working,30 30,0 0 0 0 0 0,1935 1939,49 49,45.00 49.00,47,49,bios0 bios1,1200 1200,2225 2225,0.852 0.878,106 109,5 5
1528047464,9003,None,v11.6,1.3.1,None,None,33,2,2,60,working,30 30,0 0 0 0 0 0,1935 1939,49 49,45.00 49.00,47,49,bios0 bios1,1200 1200,2225 2225,0.852 0.878,106 109,5 5
1528047474,9003,None,v11.6,1.3.1,None,None,33,2,2,60,working,30 30,0 0 0 0 0 0,1935 1939,49 49,45.00 49.00,47,49,bios0 bios1,1200 1200,2225 2225,0.852 0.878,106 109,5 5
1528047484,9003,None,v11.6,1.3.1,None,None,33,2,2,60,working,30 30,0 0 0 0 0 0,1935 1939,49 49,45.00 49.00,47,49,bios0 bios1,1200 1200,2225 2225,0.852 0.878,106 109,5 5
1528047494,9003,None,v11.6,1.3.1,None,None,33,2,2,60,working,30 30,0 0 0 0 0 0,1935 1939,49 49,45.00 49.00,47,49,bios0 bios1,1200 1200,2225 2225,0.852 0.878,106 109,5 5
1528047504,9003,None,v11.6,1.3.1,None,None,33,2,2,60,working,30 30,0 0 0 0 0 0,1935 1939,49 49,45.00 49.00,47,49,bios0 bios1,1200 1200,2225 2225,0.852 0.878,106 109,5 5
1528047512,9003,None,v11.6,1.3.1,None,None,33,2,2,60,working,30 30,0 0 0 0 0 0,1935 1939,49 49,45.00 49.00,47,49,bios0 bios1,1200 1200,2225 2225,0.852 0.878,106 109,5 5
1528047514,9003,None,v11.6,1.3.1,None,None,33,2,2,60,working,30 30,0 0 0 0 0 0,1935 1939,49 49,45.00 49.00,47,49,bios0 bios1,1200 1200,2225 2225,0.852 0.878,106 109,5 5
1528047522,9003,None,v11.6,1.3.1,None,None,33,2,2,60,working,30 30,0 0 0 0 0 0,1935 1939,49 49,45.00 49.00,47,49,bios0 bios1,1200 1200,2225 2225,0.852 0.878,106 109,5 5
1528047524,9003,None,v11.6,1.3.1,None,None,33,2,2,60,working,30 30,0 0 0 0 0 0,1935 1939,49 49,45.00 49.00,47,49,bios0 bios1,1200 1200,2225 2225,0.852 0.878,106 109,5 5
1528047532,9003,None,v11.6,1.3.1,None,None,33,2,2,60,working,30 30,0 0 0 0 0 0,1935 1939,49 49,45.00 49.00,47,49,bios0 bios1,1200 1200,2225 2225,0.852 0.878,106 109,5 5
1528047534,9003,None,v11.6,1.3.1,None,None,33,2,2,60,working,30 30,0 0 0 0 0 0,1935 1939,49 49,45.00 49.00,47,49,bios0 bios1,1200 1200,2225 2225,0.852 0.878,106 109,5 5
1528047542,9003,None,v11.6,1.3.1,None,None,33,2,2,60,working,30 30,0 0 0 0 0 0,1935 1939,49 49,45.00 49.00,47,49,bios0 bios1,1200 1200,2225 2225,0.852 0.878,106 109,5 5
1528047544,9003,None,v11.6,1.3.1,None,None,33,2,2,60,working,30 30,0 0 0 0 0 0,1935 1939,49 49,45.00 49.00,47,49,bios0 bios1,1200 1200,2225 2225,0.852 0.878,106 109,5 5
1528047552,9003,None,v11.6,1.3.1,None,None,33,2,2,60,working,30 30,0 0 0 0 0 0,1935 1939,49 49,45.00 49.00,47,49,bios0 bios1,1200 1200,2225 2225,0.852 0.878,106 109,5 5
1528047554,9003,None,v11.6,1.3.1,None,None,33,2,2,60,working,30 30,0 0 0 0 0 0,1935 1939,49 49,45.00 49.00,47,49,bios0 bios1,1200 1200,2225 2225,0.852 0.878,106 109,5 5
1528047562,9003,None,v11.6,1.3.1,None,None,33,2,2,60,working,30 30,0 0 0 0 0 0,1935 1939,49 49,45.00 49.00,47,49,bios0 bios1,1200 1200,2225 2225,0.852 0.878,106 109,5 5
1528047564,9003,None,v11.6,1.3.1,None,None,33,2,2,60,working,30 30,0 0 0 0 0 0,1935 1939,49 49,45.00 49.00,47,49,bios0 bios1,1200 1200,2225 2225,0.852 0.878,106 109,5 5
1528047572,9003,None,v11.6,1.3.1,None,None,33,2,2,60,working,30 30,0 0 0 0 0 0,1935 1939,49 49,45.00 49.00,47,49,bios0 bios1,1200 1200,2225 2225,0.852 0.878,106 109,5 5
1528047573,9003,None,v11.6,1.3.1,None,None,33,2,2,60,working,30 30,0 0 0 0 0 0,1935 1939,49 49,45.00 49.00,47,49,bios0 bios1,1200 1200,2225 2225,0.852 0.878,106 109,5 5
1528047574,9003,None,v11.6,1.3.1,None,None,33,2,2,60,working,30 30,0 0 0 0 0 0,1935 1939,49 49,45.00 49.00,47,49,bios0 bios1,1200 1200,2225 2225,0.852 0.878,106 109,5 5
1528047582,9003,None,v11.6,1.3.1,None,None,33,2,2,60,working,30 30,0 0 0 0 0 0,1935 1939,49 49,45.00 49.00,47,49,bios0 bios1,1200 1200,2225 2225,0.852 0.878,106 109,5 5
1528047583,9003,None,v11.6,1.3.1,None,None,33,2,2,60,working,30 30,0 0 0 0 0 0,1935 1939,49 49,45.00 49.00,47,49,bios0 bios1,1200 1200,2225 2225,0.852 0.878,106 109,5 5
1528047584,9003,None,v11.6,1.3.1,None,None,33,2,2,60,working,30 30,0 0 0 0 0 0,1935 1939,49 49,45.00 49.00,47,49,bios0 bios1,1200 1200,2225 2225,0.852 0.878,106 109,5 5
1528047592,9003,None,v11.6,1.3.1,None,None,33,2,2,60,working,30 30,0 0 0 0 0 0,1935 1939,49 49,45.00 49.00,47,49,bios0 bios1,1200 1200,2225 2225,0.852 0.878,106 109,5 5
1528047593,9003,None,v11.6,1.3.1,None,None,33,2,2,60,working,30 30,0 0 0 0 0 0,1935 1939,49 49,45.00 49.00,47,49,bios0 bios1,1200 1200,2225 2225,0.852 0.878,106 109,5 5
1528047594,9003,None,v11.6,1.3.1,None,None,33,2,2,60,working,30 30,0 0 0 0 0 0,1935 1939,49 49,45.00 49.00,47,49,bios0 bios1,1200 1200,2225 2225,0.852 0.878,106 109,5 5
1528047602,9003,None,v11.6,1.3.1,None,None,33,2,2,60,working,30 30,0 0 0 0 0 0,1935 1939,49 49,45.00 49.00,47,49,bios0 bios1,1200 1200,2225 2225,0.852 0.878,106 109,5 5
1528047604,9003,None,v11.6,1.3.1,None,None,33,2,2,60,working,30 30,0 0 0 0 0 0,1935 1939,49 49,45.00 49.00,47,49,bios0 bios1,1200 1200,2225 2225,0.852 0.878,106 109,5 5
1528047604,9003,None,v11.6,1.3.1,None,None,33,2,2,60,working,30 30,0 0 0 0 0 0,1935 1939,49 49,45.00 49.00,47,49,bios0 bios1,1200 1200,2225 2225,0.852 0.878,106 109,5 5
1528047612,9003,None,v11.6,1.3.1,None,None,33,2,2,60,working,30 30,0 0 0 0 0 0,1935 1939,49 49,45.00 49.00,47,49,bios0 bios1,1200 1200,2225 2225,0.852 0.878,106 109,5 5
1528047614,9003,None,v11.6,1.3.1,None,None,33,2,2,60,working,30 30,0 0 0 0 0 0,1935 1939,49 49,45.00 49.00,47,49,bios0 bios1,1200 1200,2225 2225,0.852 0.878,106 109,5 5
1528047614,9003,None,v11.6,1.3.1,None,None,33,2,2,60,working,30 30,0 0 0 0 0 0,1935 1939,49 49,45.00 49.00,47,49,bios0 bios1,1200 1200,2225 2225,0.852 0.878,106 109,5 5
1528047622,9003,None,v11.6,1.3.1,None,None,33,2,2,60,working,30 30,0 0 0 0 0 0,1935 1939,49 49,45.00 49.00,47,49,bios0 bios1,1200 1200,2225 2225,0.852 0.878,106 109,5 5
1528047624,9003,None,v11.6,1.3.1,None,None,33,2,2,60,working,30 30,0 0 0 0 0 0,1935 1939,49 49,45.00 49.00,47,49,bios0 bios1,1200 1200,2225 2225,0.852 0.878,106 109,5 5
1528047624,9003,None,v11.6,1.3.1,None,None,33,2,2,60,working,30 30,0 0 0 0 0 0,1935 1939,49 49,45.00 49.00,47,49,bios0 bios1,1200 1200,2225 2225,0.852 0.878,106 109,5 5
1528047632,9003,None,v11.6,1.3.1,None,None,33,2,2,60,working,30 30,0 0 0 0 0 0,1935 1939,49 49,45.00 49.00,47,49,bios0 bios1,1200 1200,2225 2225,0.852 0.878,106 109,5 5
1528047634,9003,None,v11.6,1.3.1,None,None,33,2,2,60,working,30 30,0 0 0 0 0 0,1935 1939,49 49,45.00 49.00,47,49,bios0 bios1,1200 1200,2225 2225,0.852 0.878,106 109,5 5
1528047634,9003,None,v11.6,1.3.1,None,None,33,2,2,60,working,30 30,0 0 0 0 0 0,1935 1939,49 49,45.00 49.00,47,49,bios0 bios1,1200 1200,2225 2225,0.852 0.878,106 109,5 5
1528047642,9003,None,v11.6,1.3.1,None,None,33,2,2,60,working,30 30,0 0 0 0 0 0,1935 1939,49 49,45.00 49.00,47,49,bios0 bios1,1200 1200,2225 2225,0.852 0.878,106 109,5 5
1528047644,9003,None,v11.6,1.3.1,None,None,33,2,2,60,working,30 30,0 0 0 0 0 0,1935 1939,49 49,45.00 49.00,47,49,bios0 bios1,1200 1200,2225 2225,0.852 0.878,106 109,5 5
1528047644,9003,None,v11.6,1.3.1,None,None,33,2,2,60,working,30 30,0 0 0 0 0 0,1935 1939,49 49,45.00 49.00,47,49,bios0 bios1,1200 1200,2225 2225,0.852 0.878,106 109,5 5
1528047652,9003,None,v11.6,1.3.1,None,None,33,2,2,60,working,30 30,0 0 0 0 0 0,1935 1939,49 49,45.00 49.00,47,49,bios0 bios1,1200 1200,2225 2225,0.852 0.878,106 109,5 5
1528047654,9003,None,v11.6,1.3.1,None,None,33,2,2,60,working,30 30,0 0 0 0 0 0,1935 1939,49 49,45.00 49.00,47,49,bios0 bios1,1200 1200,2225 2225,0.852 0.878,106 109,5 5
1528047654,9003,None,v11.6,1.3.1,None,None,33,2,2,60,working,30 30,0 0 0 0 0 0,1935 1939,49 49,45.00 49.00,47,49,bios0 bios1,1200 1200,2225 2225,0.852 0.878,106 109,5 5
1528047662,9003,None,v11.6,1.3.1,None,None,33,2,2,60,working,30 30,0 0 0 0 0 0,1935 1939,49 49,45.00 49.00,47,49,bios0 bios1,1200 1200,2225 2225,0.852 0.878,106 109,5 5
1528047664,9003,None,v11.6,1.3.1,None,None,33,2,2,60,working,30 30,0 0 0 0 0 0,1935 1939,49 49,45.00 49.00,47,49,bios0 bios1,1200 1200,2225 2225,0.852 0.878,106 109,5 5
1528047664,9003,None,v11.6,1.3.1,None,None,33,2,2,60,working,30 30,0 0 0 0 0 0,1935 1939,49 49,45.00 49.00,47,49,bios0 bios1,1200 1200,2225 2225,0.852 0.878,106 109,5 5
1528047672,9003,None,v11.6,1.3.1,None,None,33,2,2,60,working,30 30,0 0 0 0 0 0,1935 1939,49 49,45.00 49.00,47,49,bios0 bios1,1200 1200,2225 2225,0.852 0.878,106 109,5 5
1528047674,9003,None,v11.6,1.3.1,None,None,33,2,2,60,working,30 30,0 0 0 0 0 0,1935 1939,49 49,45.00 49.00,47,49,bios0 bios1,1200 1200,2225 2225,0.852 0.878,106 109,5 5
1528047674,9003,None,v11.6,1.3.1,None,None,33,2,2,60,working,30 30,0 0 0 0 0 0,1935 1939,49 49,45.00 49.00,47,49,bios0 bios1,1200 1200,2225 2225,0.852 0.878,106 109,5 5
1528047682,9003,None,v11.6,1.3.1,None,None,33,2,2,60,working,30 30,0 0 0 0 0 0,1935 1939,49 49,45.00 49.00,47,49,bios0 bios1,1200 1200,2225 2225,0.852 0.878,106 109,5 5
1528047684,9003,None,v11.6,1.3.1,None,None,33,2,2,60,working,30 30,0 0 0 0 0 0,1935 1939,49 49,45.00 49.00,47,49,bios0 bios1,1200 1200,2225 2225,0.852 0.878,106 109,5 5
1528047684,9003,None,v11.6,1.3.1,None,None,33,2,2,60,working,30 30,0 0 0 0 0 0,1935 1939,49 49,45.00 49.00,47,49,bios0 bios1,1200 1200,2225 2225,0.852 0.878,106 109,5 5
1528047692,9003,None,v11.6,1.3.1,None,None,33,2,2,60,working,30 30,0 0 0 0 0 0,1935 1939,49 49,45.00 49.00,47,49,bios0 bios1,1200 1200,2225 2225,0.852 0.878,106 109,5 5
1528047694,9003,None,v11.6,1.3.1,None,None,33,2,2,60,working,30 30,0 0 0 0 0 0,1935 1939,49 49,45.00 49.00,47,49,bios0 bios1,1200 1200,2225 2225,0.852 0.878,106 109,5 5
1528047694,9003,None,v11.6,1.3.1,None,None,33,2,2,60,working,30 30,0 0 0 0 0 0,1935 1939,49 49,45.00 49.00,47,49,bios0 bios1,1200 1200,2225 2225,0.852 0.878,106 109,5 5
1528047702,9003,None,v11.6,1.3.1,None,None,33,2,2,60,working,30 30,0 0 0 0 0 0,1935 1939,49 49,45.00 49.00,47,49,bios0 bios1,1200 1200,2225 2225,0.852 0.878,106 109,5 5
1528047704,9003,None,v11.6,1.3.1,None,None,33,2,2,60,working,30 30,0 0 0 0 0 0,1935 1939,49 49,45.00 49.00,47,49,bios0 bios1,1200 1200,2225 2225,0.852 0.878,106 109,5 5
1528047704,9003,None,v11.6,1.3.1,None,None,33,2,2,60,working,30 30,0 0 0 0 0 0,1935 1939,49 49,45.00 49.00,47,49,bios0 bios1,1200 1200,2225 2225,0.852 0.878,106 109,5 5
1528047712,9003,None,v11.6,1.3.1,None,None,33,2,2,60,working,30 30,0 0 0 0 0 0,1935 1939,49 49,45.00 49.00,47,49,bios0 bios1,1200 1200,2225 2225,0.852 0.878,106 109,5 5
1528047714,9003,None,v11.6,1.3.1,None,None,33,2,2,60,working,30 30,0 0 0 0 0 0,1935 1939,49 49,45.00 49.00,47,49,bios0 bios1,1200 1200,2225 2225,0.852 0.878,106 109,5 5
1528047714,9003,None,v11.6,1.3.1,None,None,33,2,2,60,working,30 30,0 0 0 0 0 0,1935 1939,49 49,45.00 49.00,47,49,bios0 bios1,1200 1200,2225 2225,0.852 0.878,106 109,5 5
1528047723,9003,None,v11.6,1.3.1,None,None,33,2,2,60,working,30 30,0 0 0 0 0 0,1935 1939,49 49,45.00 49.00,47,49,bios0 bios1,1200 1200,2225 2225,0.852 0.878,106 109,5 5
1528047724,9003,None,v11.6,1.3.1,None,None,33,2,2,60,working,30 30,0 0 0 0 0 0,1935 1939,49 49,45.00 49.00,47,49,bios0 bios1,1200 1200,2225 2225,0.852 0.878,106 109,5 5
1528047724,9003,None,v11.6,1.3.1,None,None,33,2,2,60,working,30 30,0 0 0 0 0 0,1935 1939,49 49,45.00 49.00,47,49,bios0 bios1,1200 1200,2225 2225,0.852 0.878,106 109,5 5
1528047733,9003,None,v11.6,1.3.1,None,None,33,2,2,60,working,30 30,0 0 0 0 0 0,1935 1939,49 49,45.00 49.00,47,49,bios0 bios1,1200 1200,2225 2225,0.852 0.878,106 109,5 5
1528047734,9003,None,v11.6,1.3.1,None,None,33,2,2,60,working,30 30,0 0 0 0 0 0,1935 1939,49 49,45.00 49.00,47,49,bios0 bios1,1200 1200,2225 2225,0.852 0.878,106 109,5 5
1528047735,9003,None,v11.6,1.3.1,None,None,33,2,2,60,working,30 30,0 0 0 0 0 0,1935 1939,49 49,45.00 49.00,47,49,bios0 bios1,1200 1200,2225 2225,0.852 0.878,106 109,5 5
1528047743,9003,None,v11.6,1.3.1,None,None,33,2,2,60,working,30 30,0 0 0 0 0 0,1935 1939,49 49,45.00 49.00,47,49,bios0 bios1,1200 1200,2225 2225,0.852 0.878,106 109,5 5
1528047744,9003,None,v11.6,1.3.1,None,None,33,2,2,60,working,30 30,0 0 0 0 0 0,1935 1939,49 49,45.00 49.00,47,49,bios0 bios1,1200 1200,2225 2225,0.852 0.878,106 109,5 5
1528047745,9003,None,v11.6,1.3.1,None,None,33,2,2,60,working,30 30,0 0 0 0 0 0,1935 1939,49 49,45.00 49.00,47,49,bios0 bios1,1200 1200,2225 2225,0.852 0.878,106 109,5 5
1528047753,9003,None,v11.6,1.3.1,None,None,33,2,2,60,working,30 30,0 0 0 0 0 0,1935 1939,49 49,45.00 49.00,47,49,bios0 bios1,1200 1200,2225 2225,0.852 0.878,106 109,5 5
1528047754,9003,None,v11.6,1.3.1,None,None,33,2,2,60,working,30 30,0 0 0 0 0 0,1935 1939,49 49,45.00 49.00,47,49,bios0 bios1,1200 1200,2225 2225,0.852 0.878,106 109,5 5
1528047755,9003,None,v11.6,1.3.1,None,None,33,2,2,60,working,30 30,0 0 0 0 0 0,1935 1939,49 49,45.00 49.00,47,49,bios0 bios1,1200 1200,2225 2225,0.852 0.878,106 109,5 5
1528047763,9003,None,v11.6,1.3.1,None,None,33,2,2,60,working,30 30,0 0 0 0 0 0,1935 1939,49 49,45.00 49.00,47,49,bios0 bios1,1200 1200,2225 2225,0.852 0.878,106 109,5 5
1528047764,9003,None,v11.6,1.3.1,None,None,33,2,2,60,working,30 30,0 0 0 0 0 0,1935 1939,49 49,45.00 49.00,47,49,bios0 bios1,1200 1200,2225 2225,0.852 0.878,106 109,5 5
1528047765,9003,None,v11.6,1.3.1,None,None,33,2,2,60,working,30 30,0 0 0 0 0 0,1935 1939,49 49,45.00 49.00,47,49,bios0 bios1,1200 1200,2225 2225,0.852 0.878,106 109,5 5
1528047773,9003,None,v11.6,1.3.1,None,None,33,2,2,60,working,30 30,0 0 0 0 0 0,1935 1939,49 49,45.00 49.00,47,49,bios0 bios1,1200 1200,2225 2225,0.852 0.878,106 109,5 5
1528047774,9003,None,v11.6,1.3.1,None,None,33,2,2,60,working,30 30,0 0 0 0 0 0,1935 1939,49 49,45.00 49.00,47,49,bios0 bios1,1200 1200,2225 2225,0.852 0.878,106 109,5 5
1528047775,9003,None,v11.6,1.3.1,None,None,33,2,2,60,working,30 30,0 0 0 0 0 0,1935 1939,49 49,45.00 49.00,47,49,bios0 bios1,1200 1200,2225 2225,0.852 0.878,106 109,5 5
1528047783,9003,None,v11.6,1.3.1,None,None,33,2,2,60,working,30 30,0 0 0 0 0 0,1935 1939,49 49,45.00 49.00,47,49,bios0 bios1,1200 1200,2225 2225,0.852 0.878,106 109,5 5
1528047784,9003,None,v11.6,1.3.1,None,None,33,2,2,60,working,30 30,0 0 0 0 0 0,1935 1939,49 49,45.00 49.00,47,49,bios0 bios1,1200 1200,2225 2225,0.852 0.878,106 109,5 5
1528047785,9003,None,v11.6,1.3.1,None,None,33,2,2,60,working,30 30,0 0 0 0 0 0,1935 1939,49 49,45.00 49.00,47,49,bios0 bios1,1200 1200,2225 2225,0.852 0.878,106 109,5 5
1528047793,9003,None,v11.6,1.3.1,None,None,33,2,2,60,working,30 30,0 0 0 0 0 0,1935 1939,49 49,45.00 49.00,47,49,bios0 bios1,1200 1200,2225 2225,0.852 0.878,106 109,5 5
1528047794,9003,None,v11.6,1.3.1,None,None,33,2,2,60,working,30 30,0 0 0 0 0 0,1935 1939,49 49,45.00 49.00,47,49,bios0 bios1,1200 1200,2225 2225,0.852 0.878,106 109,5 5
1528047795,9003,None,v11.6,1.3.1,None,None,33,2,2,60,working,30 30,0 0 0 0 0 0,1935 1939,49 49,45.00 49.00,47,49,bios0 bios1,1200 1200,2225 2225,0.852 0.878,106 109,5 5
1528047803,9003,None,v11.6,1.3.1,None,None,33,2,2,60,working,30 30,0 0 0 0 0 0,1935 1939,49 49,45.00 49.00,47,49,bios0 bios1,1200 1200,2225 2225,0.852 0.878,106 109,5 5
1528047804,9003,None,v11.6,1.3.1,None,None,33,2,2,60,working,30 30,0 0 0 0 0 0,1935 1939,49 49,45.00 49.00,47,49,bios0 bios1,1200 1200,2225 2225,0.852 0.878,106 109,5 5
1528047805,9003,None,v11.6,1.3.1,None,None,33,2,2,60,working,30 30,0 0 0 0 0 0,1935 1939,49 49,45.00 49.00,47,49,bios0 bios1,1200 1200,2225 2225,0.852 0.878,106 109,5 5
1528047813,9003,None,v11.6,1.3.1,None,None,33,2,2,60,working,30 30,0 0 0 0 0 0,1935 1939,49 49,45.00 49.00,47,49,bios0 bios1,1200 1200,2225 2225,0.852 0.878,106 109,5 5
1528047814,9003,None,v11.6,1.3.1,None,None,33,2,2,60,working,30 30,0 0 0 0 0 0,1935 1939,49 49,45.00 49.00,47,49,bios0 bios1,1200 1200,2225 2225,0.852 0.878,106 109,5 5
1528047815,9003,None,v11.6,1.3.1,None,None,33,2,2,60,working,30 30,0 0 0 0 0 0,1935 1939,49 49,45.00 49.00,47,49,bios0 bios1,1200 1200,2225 2225,0.852 0.878,106 109,5 5
1528047823,9003,None,v11.6,1.3.1,None,None,33,2,2,60,working,30 30,0 0 0 0 0 0,1935 1939,49 49,45.00 49.00,47,49,bios0 bios1,1200 1200,2225 2225,0.852 0.878,106 109,5 5
1528047824,9003,None,v11.6,1.3.1,None,None,33,2,2,60,working,30 30,0 0 0 0 0 0,1935 1939,49 49,45.00 49.00,47,49,bios0 bios1,1200 1200,2225 2225,0.852 0.878,106 109,5 5
1528047825,9003,None,v11.6,1.3.1,None,None,33,2,2,60,working,30 30,0 0 0 0 0 0,1935 1939,49 49,45.00 49.00,47,49,bios0 bios1,1200 1200,2225 2225,0.852 0.878,106 109,5 5
1528047833,9003,None,v11.6,1.3.1,None,None,33,2,2,60,working,30 30,0 0 0 0 0 0,1935 1939,49 49,45.00 49.00,47,49,bios0 bios1,1200 1200,2225 2225,0.852 0.878,106 109,5 5
1528047834,9003,None,v11.6,1.3.1,None,None,33,2,2,60,working,30 30,0 0 0 0 0 0,1935 1939,49 49,45.00 49.00,47,49,bios0 bios1,1200 1200,2225 2225,0.852 0.878,106 109,5 5
1528047835,9003,None,v11.6,1.3.1,None,None,33,2,2,60,working,30 30,0 0 0 0 0 0,1935 1939,49 49,45.00 49.00,47,49,bios0 bios1,1200 1200,2225 2225,0.852 0.878,106 109,5 5
1528047843,9003,None,v11.6,1.3.1,None,None,33,2,2,60,working,30 30,0 0 0 0 0 0,1935 1939,49 49,45.00 49.00,47,49,bios0 bios1,1200 1200,2225 2225,0.852 0.878,106 109,5 5
1528047844,9003,None,v11.6,1.3.1,None,None,33,2,2,60,working,30 30,0 0 0 0 0 0,1935 1939,49 49,45.00 49.00,47,49,bios0 bios1,1200 1200,2225 2225,0.852 0.878,106 109,5 5
1528047845,9003,None,v11.6,1.3.1,None,None,33,2,2,60,working,30 30,0 0 0 0 0 0,1935 1939,49 49,45.00 49.00,47,49,bios0 bios1,1200 1200,2225 2225,0.852 0.878,106 109,5 5
1528047853,9003,None,v11.6,1.3.1,None,None,33,2,2,60,working,30 30,0 0 0 0 0 0,1935 1939,49 49,45.00 49.00,47,49,bios0 bios1,1200 1200,2225 2225,0.852 0.878,106 109,5 5
1528047854,9003,None,v11.6,1.3.1,None,None,33,2,2,60,working,30 30,0 0 0 0 0 0,1935 1939,49 49,45.00 49.00,47,49,bios0 bios1,1200 1200,2225 2225,0.852 0.878,106 109,5 5
1528047855,9003,None,v11.6,1.3.1,None,None,33,2,2,60,working,30 30,0 0 0 0 0 0,1935 1939,49 49,45.00 49.00,47,49,bios0 bios1,1200 1200,2225 2225,0.852 0.878,106 109,5 5
1528047863,9003,None,v11.6,1.3.1,None,None,33,2,2,60,working,30 30,0 0 0 0 0 0,1935 1939,49 49,45.00 49.00,47,49,bios0 bios1,1200 1200,2225 2225,0.852 0.878,106 109,5 5
1528047864,9003,None,v11.6,1.3.1,None,None,33,2,2,60,working,30 30,0 0 0 0 0 0,1935 1939,49 49,45.00 49.00,47,49,bios0 bios1,1200 1200,2225 2225,0.852 0.878,106 109,5 5
1528047865,9003,None,v11.6,1.3.1,None,None,33,2,2,60,working,30 30,0 0 0 0 0 0,1935 1939,49 49,45.00 49.00,47,49,bios0 bios1,1200 1200,2225 2225,0.852 0.878,106 109,5 5
1528047873,9003,None,v11.6,1.3.1,None,None,33,2,2,60,working,30 30,0 0 0 0 0 0,1935 1939,49 49,45.00 49.00,47,49,bios0 bios1,1200 1200,2225 2225,0.852 0.878,106 109,5 5
1528047874,9003,None,v11.6,1.3.1,None,None,33,2,2,60,working,30 30,0 0 0 0 0 0,1935 1939,49 49,45.00 49.00,47,49,bios0 bios1,1200 1200,2225 2225,0.852 0.878,106 109,5 5
1528047875,9003,None,v11.6,1.3.1,None,None,33,2,2,60,working,30 30,0 0 0 0 0 0,1935 1939,49 49,45.00 49.00,47,49,bios0 bios1,1200 1200,2225 2225,0.852 0.878,106 109,5 5
1528047883,9003,None,v11.6,1.3.1,None,None,33,2,2,60,working,30 30,0 0 0 0 0 0,1935 1939,49 49,45.00 49.00,47,49,bios0 bios1,1200 1200,2225 2225,0.852 0.878,106 109,5 5
1528047884,9003,None,v11.6,1.3.1,None,None,33,2,2,60,working,30 30,0 0 0 0 0 0,1935 1939,49 49,45.00 49.00,47,49,bios0 bios1,1200 1200,2225 2225,0.852 0.878,106 109,5 5
1528047885,9003,None,v11.6,1.3.1,None,None,33,2,2,60,working,30 30,0 0 0 0 0 0,1935 1939,49 49,45.00 49.00,47,49,bios0 bios1,1200 1200,2225 2225,0.852 0.878,106 109,5 5
1528047893,9003,None,v11.6,1.3.1,None,None,33,2,2,60,working,30 30,0 0 0 0 0 0,1935 1939,49 49,45.00 49.00,47,49,bios0 bios1,1200 1200,2225 2225,0.852 0.878,106 109,5 5
1528047894,9003,None,v11.6,1.3.1,None,None,33,2,2,60,working,30 30,0 0 0 0 0 0,1935 1939,49 49,45.00 49.00,47,49,bios0 bios1,1200 1200,2225 2225,0.852 0.878,106 109,5 5
1528047895,9003,None,v11.6,1.3.1,None,None,33,2,2,60,working,30 30,0 0 0 0 0 0,1935 1939,49 49,45.00 49.00,47,49,bios0 bios1,1200 1200,2225 2225,0.852 0.878,106 109,5 5
1528047903,9003,None,v11.6,1.3.1,None,None,33,2,2,60,working,30 30,0 0 0 0 0 0,1935 1939,49 49,45.00 49.00,47,49,bios0 bios1,1200 1200,2225 2225,0.852 0.878,106 109,5 5
1528047904,9003,None,v11.6,1.3.1,None,None,33,2,2,60,working,30 30,0 0 0 0 0 0,1935 1939,49 49,45.00 49.00,47,49,bios0 bios1,1200 1200,2225 2225,0.852 0.878,106 109,5 5
1528047905,9003,None,v11.6,1.3.1,None,None,33,2,2,60,working,30 30,0 0 0 0 0 0,1935 1939,49 49,45.00 49.00,47,49,bios0 bios1,1200 1200,2225 2225,0.852 0.878,106 109,5 5
1528047913,9003,None,v11.6,1.3.1,None,None,33,2,2,60,working,30 30,0 0 0 0 0 0,1935 1939,49 49,45.00 49.00,47,49,bios0 bios1,1200 1200,2225 2225,0.852 0.878,106 109,5 5
1528047914,9003,None,v11.6,1.3.1,None,None,33,2,2,60,working,30 30,0 0 0 0 0 0,1935 1939,49 49,45.00 49.00,47,49,bios0 bios1,1200 1200,2225 2225,0.852 0.878,106 109,5 5
1528047915,9003,None,v11.6,1.3.1,None,None,33,2,2,60,working,30 30,0 0 0 0 0 0,1935 1939,49 49,45.00 49.00,47,49,bios0 bios1,1200 1200,2225 2225,0.852 0.878,106 109,5 5
1528047923,9003,None,v11.6,1.3.1,None,None,33,2,2,60,working,30 30,0 0 0 0 0 0,1935 1939,49 49,45.00 49.00,47,49,bios0 bios1,1200 1200,2225 2225,0.852 0.878,106 109,5 5
1528047924,9003,None,v11.6,1.3.1,None,None,33,2,2,60,working,30 30,0 0 0 0 0 0,1935 1939,49 49,45.00 49.00,47,49,bios0 bios1,1200 1200,2225 2225,0.852 0.878,106 109,5 5
1528047925,9003,None,v11.6,1.3.1,None,None,33,2,2,60,working,30 30,0 0 0 0 0 0,1935 1939,49 49,45.00 49.00,47,49,bios0 bios1,1200 1200,2225 2225,0.852 0.878,106 109,5 5
1528047933,9003,None,v11.6,1.3.1,None,None,33,2,2,60,working,30 30,0 0 0 0 0 0,1935 1939,49 49,45.00 49.00,47,49,bios0 bios1,1200 1200,2225 2225,0.852 0.878,106 109,5 5
1528047934,9003,None,v11.6,1.3.1,None,None,33,2,2,60,working,30 30,0 0 0 0 0 0,1935 1939,49 49,45.00 49.00,47,49,bios0 bios1,1200 1200,2225 2225,0.852 0.878,106 109,5 5
1528047935,9003,None,v11.6,1.3.1,None,None,33,2,2,60,working,30 30,0 0 0 0 0 0,1935 1939,49 49,45.00 49.00,47,49,bios0 bios1,1200 1200,2225 2225,0.852 0.878,106 109,5 5
1528047943,9003,None,v11.6,1.3.1,None,None,33,2,2,60,working,30 30,0 0 0 0 0 0,1935 1939,49 49,45.00 49.00,47,49,bios0 bios1,1200 1200,2225 2225,0.852 0.878,106 109,5 5
1528047944,9003,None,v11.6,1.3.1,None,None,33,2,2,60,working,30 30,0 0 0 0 0 0,1935 1939,49 49,45.00 49.00,47,49,bios0 bios1,1200 1200,2225 2225,0.852 0.878,106 109,5 5
1528047945,9003,None,v11.6,1.3.1,None,None,33,2,2,60,working,30 30,0 0 0 0 0 0,1935 1939,49 49,45.00 49.00,47,49,bios0 bios1,1200 1200,2225 2225,0.852 0.878,106 109,5 5
1528047953,9003,None,v11.6,1.3.1,None,None,33,2,2,60,working,30 30,0 0 0 0 0 0,1935 1939,49 49,45.00 49.00,47,49,bios0 bios1,1200 1200,2225 2225,0.852 0.878,106 109,5 5
1528047954,9003,None,v11.6,1.3.1,None,None,33,2,2,60,working,30 30,0 0 0 0 0 0,1935 1939,49 49,45.00 49.00,47,49,bios0 bios1,1200 1200,2225 2225,0.852 0.878,106 109,5 5
1528047955,9003,None,v11.6,1.3.1,None,None,33,2,2,60,working,30 30,0 0 0 0 0 0,1935 1939,49 49,45.00 49.00,47,49,bios0 bios1,1200 1200,2225 2225,0.852 0.878,106 109,5 5
1528047963,9003,None,v11.6,1.3.1,None,None,33,2,2,60,working,30 30,0 0 0 0 0 0,1935 1939,49 49,45.00 49.00,47,49,bios0 bios1,1200 1200,2225 2225,0.852 0.878,106 109,5 5
1528047964,9003,None,v11.6,1.3.1,None,None,33,2,2,60,working,30 30,0 0 0 0 0 0,1935 1939,49 49,45.00 49.00,47,49,bios0 bios1,1200 1200,2225 2225,0.852 0.878,106 109,5 5
1528047965,9003,None,v11.6,1.3.1,None,None,33,2,2,60,working,30 30,0 0 0 0 0 0,1935 1939,49 49,45.00 49.00,47,49,bios0 bios1,1200 1200,2225 2225,0.852 0.878,106 109,5 5
1528047973,9003,None,v11.6,1.3.1,None,None,33,2,2,60,working,30 30,0 0 0 0 0 0,1935 1939,49 49,45.00 49.00,47,49,bios0 bios1,1200 1200,2225 2225,0.852 0.878,106 109,5 5
1528047974,9003,None,v11.6,1.3.1,None,None,33,2,2,60,working,30 30,0 0 0 0 0 0,1935 1939,49 49,45.00 49.00,47,49,bios0 bios1,1200 1200,2225 2225,0.852 0.878,106 109,5 5
1528047975,9003,None,v11.6,1.3.1,None,None,33,2,2,60,working,30 30,0 0 0 0 0 0,1935 1939,49 49,45.00 49.00,47,49,bios0 bios1,1200 1200,2225 2225,0.852 0.878,106 109,5 5
1528047983,9003,None,v11.6,1.3.1,None,None,33,2,2,60,working,30 30,0 0 0 0 0 0,1935 1939,49 49,45.00 49.00,47,49,bios0 bios1,1200 1200,2225 2225,0.852 0.878,106 109,5 5
1528047984,9003,None,v11.6,1.3.1,None,None,33,2,2,60,working,30 30,0 0 0 0 0 0,1935 1939,49 49,45.00 49.00,47,49,bios0 bios1,1200 1200,2225 2225,0.852 0.878,106 109,5 5
1528047985,9003,None,v11.6,1.3.1,None,None,33,2,2,60,working,30 30,0 0 0 0 0 0,1935 1939,49 49,45.00 49.00,47,49,bios0 bios1,1200 1200,2225 2225,0.852 0.878,106 109,5 5
1528047993,9003,None,v11.6,1.3.1,None,None,33,2,2,60,working,30 30,0 0 0 0 0 0,1935 1939,49 49,45.00 49.00,47,49,bios0 bios1,1200 1200,2225 2225,0.852 0.878,106 109,5 5
1528047994,9003,None,v11.6,1.3.1,None,None,33,2,2,60,working,30 30,0 0 0 0 0 0,1935 1939,49 49,45.00 49.00,47,49,bios0 bios1,1200 1200,2225 2225,0.852 0.878,106 109,5 5
1528047995,9003,None,v11.6,1.3.1,None,None,33,2,2,60,working,30 30,0 0 0 0 0 0,1935 1939,49 49,45.00 49.00,47,49,bios0 bios1,1200 1200,2225 2225,0.852 0.878,106 109,5 5
1528048003,9003,None,v11.6,1.3.1,None,None,33,2,2,60,working,30 30,0 0 0 0 0 0,1935 1939,49 49,45.00 49.00,47,49,bios0 bios1,1200 1200,2225 2225,0.852 0.878,106 109,5 5
1528048004,9003,None,v11.6,1.3.1,None,None,33,2,2,60,working,30 30,0 0 0 0 0 0,1935 1939,49 49,45.00 49.00,47,49,bios0 bios1,1200 1200,2225 2225,0.852 0.878,106 109,5 5
1528048005,9003,None,v11.6,1.3.1,None,None,33,2,2,60,working,30 30,0 0 0 0 0 0,1935 1939,49 49,45.00 49.00,47,49,bios0 bios1,1200 1200,2225 2225,0.852 0.878,106 109,5 5
1528048013,9003,None,v11.6,1.3.1,None,None,33,2,2,60,working,30 30,0 0 0 0 0 0,1935 1939,49 49,45.00 49.00,47,49,bios0 bios1,1200 1200,2225 2225,0.852 0.878,106 109,5 5
1528048014,9003,None,v11.6,1.3.1,None,None,33,2,2,60,working,30 30,0 0 0 0 0 0,1935 1939,49 49,45.00 49.00,47,49,bios0 bios1,1200 1200,2225 2225,0.852 0.878,106 109,5 5
1528048015,9003,None,v11.6,1.3.1,None,None,33,2,2,60,working,30 30,0 0 0 0 0 0,1935 1939,49 49,45.00 49.00,47,49,bios0 bios1,1200 1200,2225 2225,0.852 0.878,106 109,5 5
1528048023,9003,None,v11.6,1.3.1,None,None,33,2,2,60,working,30 30,0 0 0 0 0 0,1935 1939,49 49,45.00 49.00,47,49,bios0 bios1,1200 1200,2225 2225,0.852 0.878,106 109,5 5
1528048024,9003,None,v11.6,1.3.1,None,None,33,2,2,60,working,30 30,0 0 0 0 0 0,1935 1939,49 49,45.00 49.00,47,49,bios0 bios1,1200 1200,2225 2225,0.852 0.878,106 109,5 5
1528048025,9003,None,v11.6,1.3.1,None,None,33,2,2,60,working,30 30,0 0 0 0 0 0,1935 1939,49 49,45.00 49.00,47,49,bios0 bios1,1200 1200,2225 2225,0.852 0.878,106 109,5 5
1528048033,9003,None,v11.6,1.3.1,None,None,33,2,2,60,working,30 30,0 0 0 0 0 0,1935 1939,49 49,45.00 49.00,47,49,bios0 bios1,1200 1200,2225 2225,0.852 0.878,106 109,5 5
1528048034,9003,None,v11.6,1.3.1,None,None,33,2,2,60,working,30 30,0 0 0 0 0 0,1935 1939,49 49,45.00 49.00,47,49,bios0 bios1,1200 1200,2225 2225,0.852 0.878,106 109,5 5
1528048035,9003,None,v11.6,1.3.1,None,None,33,2,2,60,working,30 30,0 0 0 0 0 0,1935 1939,49 49,45.00 49.00,47,49,bios0 bios1,1200 1200,2225 2225,0.852 0.878,106 109,5 5
1528048043,9003,None,v11.6,1.3.1,None,None,33,2,2,60,working,30 30,0 0 0 0 0 0,1935 1939,49 49,45.00 49.00,47,49,bios0 bios1,1200 1200,2225 2225,0.852 0.878,106 109,5 5
1528048044,9003,None,v11.6,1.3.1,None,None,33,2,2,60,working,30 30,0 0 0 0 0 0,1935 1939,49 49,45.00 49.00,47,49,bios0 bios1,1200 1200,2225 2225,0.852 0.878,106 109,5 5
1528048045,9003,None,v11.6,1.3.1,None,None,33,2,2,60,working,30 30,0 0 0 0 0 0,1935 1939,49 49,45.00 49.00,47,49,bios0 bios1,1200 1200,2225 2225,0.852 0.878,106 109,5 5
1528048053,9003,None,v11.6,1.3.1,None,None,33,2,2,60,working,30 30,0 0 0 0 0 0,1935 1939,49 49,45.00 49.00,47,49,bios0 bios1,1200 1200,2225 2225,0.852 0.878,106 109,5 5
1528048054,9003,None,v11.6,1.3.1,None,None,33,2,2,60,working,30 30,0 0 0 0 0 0,1935 1939,49 49,45.00 49.00,47,49,bios0 bios1,1200 1200,2225 2225,0.852 0.878,106 109,5 5
1528048055,9003,None,v11.6,1.3.1,None,None,33,2,2,60,working,30 30,0 0 0 0 0 0,1935 1939,49 49,45.00 49.00,47,49,bios0 bios1,1200 1200,2225 2225,0.852 0.878,106 109,5 5
1528048063,9003,None,v11.6,1.3.1,None,None,33,2,2,60,working,30 30,0 0 0 0 0 0,1935 1939,49 49,45.00 49.00,47,49,bios0 bios1,1200 1200,2225 2225,0.852 0.878,106 109,5 5
1528048064,9003,None,v11.6,1.3.1,None,None,33,2,2,60,working,30 30,0 0 0 0 0 0,1935 1939,49 49,45.00 49.00,47,49,bios0 bios1,1200 1200,2225 2225,0.852 0.878,106 109,5 5
1528048065,9003,None,v11.6,1.3.1,None,None,33,2,2,60,working,30 30,0 0 0 0 0 0,1935 1939,49 49,45.00 49.00,47,49,bios0 bios1,1200 1200,2225 2225,0.852 0.878,106 109,5 5
1528048073,9003,None,v11.6,1.3.1,None,None,33,2,2,60,working,30 30,0 0 0 0 0 0,1935 1939,49 49,45.00 49.00,47,49,bios0 bios1,1200 1200,2225 2225,0.852 0.878,106 109,5 5
1528048074,9003,None,v11.6,1.3.1,None,None,33,2,2,60,working,30 30,0 0 0 0 0 0,1935 1939,49 49,45.00 49.00,47,49,bios0 bios1,1200 1200,2225 2225,0.852 0.878,106 109,5 5
1528048075,9003,None,v11.6,1.3.1,None,None,33,2,2,60,working,30 30,0 0 0 0 0 0,1935 1939,49 49,45.00 49.00,47,49,bios0 bios1,1200 1200,2225 2225,0.852 0.878,106 109,5 5
1528048083,9003,None,v11.6,1.3.1,None,None,33,2,2,60,working,30 30,0 0 0 0 0 0,1935 1939,49 49,45.00 49.00,47,49,bios0 bios1,1200 1200,2225 2225,0.852 0.878,106 109,5 5
1528048084,9003,None,v11.6,1.3.1,None,None,33,2,2,60,working,30 30,0 0 0 0 0 0,1935 1939,49 49,45.00 49.00,47,49,bios0 bios1,1200 1200,2225 2225,0.852 0.878,106 109,5 5
1528048085,9003,None,v11.6,1.3.1,None,None,33,2,2,60,working,30 30,0 0 0 0 0 0,1935 1939,49 49,45.00 49.00,47,49,bios0 bios1,1200 1200,2225 2225,0.852 0.878,106 109,5 5
1528048093,9003,None,v11.6,1.3.1,None,None,33,2,2,60,working,30 30,0 0 0 0 0 0,1935 1939,49 49,45.00 49.00,47,49,bios0 bios1,1200 1200,2225 2225,0.852 0.878,106 109,5 5
1528048094,9003,None,v11.6,1.3.1,None,None,33,2,2,60,working,30 30,0 0 0 0 0 0,1935 1939,49 49,45.00 49.00,47,49,bios0 bios1,1200 1200,2225 2225,0.852 0.878,106 109,5 5
1528048095,9003,None,v11.6,1.3.1,None,None,33,2,2,60,working,30 30,0 0 0 0 0 0,1935 1939,49 49,45.00 49.00,47,49,bios0 bios1,1200 1200,2225 2225,0.852 0.878,106 109,5 5
1528048103,9003,None,v11.6,1.3.1,None,None,33,2,2,60,working,30 30,0 0 0 0 0 0,1935 1939,49 49,45.00 49.00,47,49,bios0 bios1,1200 1200,2225 2225,0.852 0.878,106 109,5 5
1528048105,9003,None,v11.6,1.3.1,None,None,33,2,2,60,working,30 30,0 0 0 0 0 0,1935 1939,49 49,45.00 49.00,47,49,bios0 bios1,1200 1200,2225 2225,0.852 0.878,106 109,5 5
1528048105,9003,None,v11.6,1.3.1,None,None,33,2,2,60,working,30 30,0 0 0 0 0 0,1935 1939,49 49,45.00 49.00,47,49,bios0 bios1,1200 1200,2225 2225,0.852 0.878,106 109,5 5
1528048113,9003,None,v11.6,1.3.1,None,None,33,2,2,60,working,30 30,0 0 0 0 0 0,1935 1939,49 49,45.00 49.00,47,49,bios0 bios1,1200 1200,2225 2225,0.852 0.878,106 109,5 5
1528048115,9003,None,v11.6,1.3.1,None,None,33,2,2,60,working,30 30,0 0 0 0 0 0,1935 1939,49 49,45.00 49.00,47,49,bios0 bios1,1200 1200,2225 2225,0.852 0.878,106 109,5 5
1528048115,9003,None,v11.6,1.3.1,None,None,33,2,2,60,working,30 30,0 0 0 0 0 0,1935 1939,49 49,45.00 49.00,47,49,bios0 bios1,1200 1200,2225 2225,0.852 0.878,106 109,5 5
1528048123,9003,None,v11.6,1.3.1,None,None,33,2,2,60,working,30 30,0 0 0 0 0 0,1935 1939,49 49,45.00 49.00,47,49,bios0 bios1,1200 1200,2225 2225,0.852 0.878,106 109,5 5
1528048125,9003,None,v11.6,1.3.1,None,None,33,2,2,60,working,30 30,0 0 0 0 0 0,1935 1939,49 49,45.00 49.00,47,49,bios0 bios1,1200 1200,2225 2225,0.852 0.878,106 109,5 5
1528048125,9003,None,v11.6,1.3.1,None,None,33,2,2,60,working,30 30,0 0 0 0 0 0,1935 1939,49 49,45.00 49.00,47,49,bios0 bios1,1200 1200,2225 2225,0.852 0.878,106 109,5 5
1528048133,9003,None,v11.6,1.3.1,None,None,33,2,2,60,working,30 30,0 0 0 0 0 0,1935 1939,49 49,45.00 49.00,47,49,bios0 bios1,1200 1200,2225 2225,0.852 0.878,106 109,5 5
1528048135,9003,None,v11.6,1.3.1,None,None,33,2,2,60,working,30 30,0 0 0 0 0 0,1935 1939,49 49,45.00 49.00,47,49,bios0 bios1,1200 1200,2225 2225,0.852 0.878,106 109,5 5
1528048135,9003,None,v11.6,1.3.1,None,None,33,2,2,60,working,30 30,0 0 0 0 0 0,1935 1939,49 49,45.00 49.00,47,49,bios0 bios1,1200 1200,2225 2225,0.852 0.878,106 109,5 5
1528048143,9003,None,v11.6,1.3.1,None,None,33,2,2,60,working,30 30,0 0 0 0 0 0,1935 1939,49 49,45.00 49.00,47,49,bios0 bios1,1200 1200,2225 2225,0.852 0.878,106 109,5 5
1528048145,9003,None,v11.6,1.3.1,None,None,33,2,2,60,working,30 30,0 0 0 0 0 0,1935 1939,49 49,45.00 49.00,47,49,bios0 bios1,1200 1200,2225 2225,0.852 0.878,106 109,5 5
1528048145,9003,None,v11.6,1.3.1,None,None,33,2,2,60,working,30 30,0 0 0 0 0 0,1935 1939,49 49,45.00 49.00,47,49,bios0 bios1,1200 1200,2225 2225,0.852 0.878,106 109,5 5
1528048153,9003,None,v11.6,1.3.1,None,None,33,2,2,60,working,30 30,0 0 0 0 0 0,1935 1939,49 49,45.00 49.00,47,49,bios0 bios1,1200 1200,2225 2225,0.852 0.878,106 109,5 5
1528048155,9003,None,v11.6,1.3.1,None,None,33,2,2,60,working,30 30,0 0 0 0 0 0,1935 1939,49 49,45.00 49.00,47,49,bios0 bios1,1200 1200,2225 2225,0.852 0.878,106 109,5 5
1528048155,9003,None,v11.6,1.3.1,None,None,33,2,2,60,working,30 30,0 0 0 0 0 0,1935 1939,49 49,45.00 49.00,47,49,bios0 bios1,1200 1200,2225 2225,0.852 0.878,106 109,5 5
1528048164,9003,None,v11.6,1.3.1,None,None,33,2,2,60,working,30 30,0 0 0 0 0 0,1935 1939,49 49,45.00 49.00,47,49,bios0 bios1,1200 1200,2225 2225,0.852 0.878,106 109,5 5
1528048165,9003,None,v11.6,1.3.1,None,None,33,2,2,60,working,30 30,0 0 0 0 0 0,1935 1939,49 49,45.00 49.00,47,49,bios0 bios1,1200 1200,2225 2225,0.852 0.878,106 109,5 5
1528048166,9003,None,v11.6,1.3.1,None,None,33,2,2,60,working,30 30,0 0 0 0 0 0,1935 1939,49 49,45.00 49.00,47,49,bios0 bios1,1200 1200,2225 2225,0.852 0.878,106 109,5 5
1528048174,9003,None,v11.6,1.3.1,None,None,33,2,2,60,working,30 30,0 0 0 0 0 0,1935 1939,49 49,45.00 49.00,47,49,bios0 bios1,1200 1200,2225 2225,0.852 0.878,106 109,5 5
1528048175,9003,None,v11.6,1.3.1,None,None,33,2,2,60,working,30 30,0 0 0 0 0 0,1935 1939,49 49,45.00 49.00,47,49,bios0 bios1,1200 1200,2225 2225,0.852 0.878,106 109,5 5
1528048176,9003,None,v11.6,1.3.1,None,None,33,2,2,60,working,30 30,0 0 0 0 0 0,1935 1939,49 49,45.00 49.00,47,49,bios0 bios1,1200 1200,2225 2225,0.852 0.878,106 109,5 5
1528048184,9003,None,v11.6,1.3.1,None,None,33,2,2,60,working,30 30,0 0 0 0 0 0,1935 1939,49 49,45.00 49.00,47,49,bios0 bios1,1200 1200,2225 2225,0.852 0.878,106 109,5 5
1528048185,9003,None,v11.6,1.3.1,None,None,33,2,2,60,working,30 30,0 0 0 0 0 0,1935 1939,49 49,45.00 49.00,47,49,bios0 bios1,1200 1200,2225 2225,0.852 0.878,106 109,5 5
1528048186,9003,None,v11.6,1.3.1,None,None,33,2,2,60,working,30 30,0 0 0 0 0 0,1935 1939,49 49,45.00 49.00,47,49,bios0 bios1,1200 1200,2225 2225,0.852 0.878,106 109,5 5
1528048194,9003,None,v11.6,1.3.1,None,None,33,2,2,60,working,30 30,0 0 0 0 0 0,1935 1939,49 49,45.00 49.00,47,49,bios0 bios1,1200 1200,2225 2225,0.852 0.878,106 109,5 5
1528048195,9003,None,v11.6,1.3.1,None,None,33,2,2,60,working,30 30,0 0 0 0 0 0,1935 1939,49 49,45.00 49.00,47,49,bios0 bios1,1200 1200,2225 2225,0.852 0.878,106 109,5 5
1528048196,9003,None,v11.6,1.3.1,None,None,33,2,2,60,working,30 30,0 0 0 0 0 0,1935 1939,49 49,45.00 49.00,47,49,bios0 bios1,1200 1200,2225 2225,0.852 0.878,106 109,5 5
1528048204,9003,None,v11.6,1.3.1,None,None,33,2,2,60,working,30 30,0 0 0 0 0 0,1935 1939,49 49,45.00 49.00,47,49,bios0 bios1,1200 1200,2225 2225,0.852 0.878,106 109,5 5
1528048205,9003,None,v11.6,1.3.1,None,None,33,2,2,60,working,30 30,0 0 0 0 0 0,1935 1939,49 49,45.00 49.00,47,49,bios0 bios1,1200 1200,2225 2225,0.852 0.878,106 109,5 5
1528048206,9003,None,v11.6,1.3.1,None,None,33,2,2,60,working,30 30,0 0 0 0 0 0,1935 1939,49 49,45.00 49.00,47,49,bios0 bios1,1200 1200,2225 2225,0.852 0.878,106 109,5 5
1528048214,9003,None,v11.6,1.3.1,None,None,33,2,2,60,working,30 30,0 0 0 0 0 0,1935 1939,49 49,45.00 49.00,47,49,bios0 bios1,1200 1200,2225 2225,0.852 0.878,106 109,5 5
1528048215,9003,None,v11.6,1.3.1,None,None,33,2,2,60,working,30 30,0 0 0 0 0 0,1935 1939,49 49,45.00 49.00,47,49,bios0 bios1,1200 1200,2225 2225,0.852 0.878,106 109,5 5
1528048216,9003,None,v11.6,1.3.1,None,None,33,2,2,60,working,30 30,0 0 0 0 0 0,1935 1939,49 49,45.00 49.00,47,49,bios0 bios1,1200 1200,2225 2225,0.852 0.878,106 109,5 5
1528048224,9003,None,v11.6,1.3.1,None,None,33,2,2,60,working,30 30,0 0 0 0 0 0,1935 1939,49 49,45.00 49.00,47,49,bios0 bios1,1200 1200,2225 2225,0.852 0.878,106 109,5 5
1528048225,9003,None,v11.6,1.3.1,None,None,33,2,2,60,working,30 30,0 0 0 0 0 0,1935 1939,49 49,45.00 49.00,47,49,bios0 bios1,1200 1200,2225 2225,0.852 0.878,106 109,5 5
1528048226,9003,None,v11.6,1.3.1,None,None,33,2,2,60,working,30 30,0 0 0 0 0 0,1935 1939,49 49,45.00 49.00,47,49,bios0 bios1,1200 1200,2225 2225,0.852 0.878,106 109,5 5
1528048234,9003,None,v11.6,1.3.1,None,None,33,2,2,60,working,30 30,0 0 0 0 0 0,1935 1939,49 49,45.00 49.00,47,49,bios0 bios1,1200 1200,2225 2225,0.852 0.878,106 109,5 5
1528048235,9003,None,v11.6,1.3.1,None,None,33,2,2,60,working,30 30,0 0 0 0 0 0,1935 1939,49 49,45.00 49.00,47,49,bios0 bios1,1200 1200,2225 2225,0.852 0.878,106 109,5 5
1528048236,9003,None,v11.6,1.3.1,None,None,33,2,2,60,working,30 30,0 0 0 0 0 0,1935 1939,49 49,45.00 49.00,47,49,bios0 bios1,1200 1200,2225 2225,0.852 0.878,106 109,5 5
1528048244,9003,None,v11.6,1.3.1,None,None,33,2,2,60,working,30 30,0 0 0 0 0 0,1935 1939,49 49,45.00 49.00,47,49,bios0 bios1,1200 1200,2225 2225,0.852 0.878,106 109,5 5
1528048245,9003,None,v11.6,1.3.1,None,None,33,2,2,60,working,30 30,0 0 0 0 0 0,1935 1939,49 49,45.00 49.00,47,49,bios0 bios1,1200 1200,2225 2225,0.852 0.878,106 109,5 5
1528048246,9003,None,v11.6,1.3.1,None,None,33,2,2,60,working,30 30,0 0 0 0 0 0,1935 1939,49 49,45.00 49.00,47,49,bios0 bios1,1200 1200,2225 2225,0.852 0.878,106 109,5 5
1528048254,9003,None,v11.6,1.3.1,None,None,33,2,2,60,working,30 30,0 0 0 0 0 0,1935 1939,49 49,45.00 49.00,47,49,bios0 bios1,1200 1200,2225 2225,0.852 0.878,106 109,5 5
1528048255,9003,None,v11.6,1.3.1,None,None,33,2,2,60,working,30 30,0 0 0 0 0 0,1935 1939,49 49,45.00 49.00,47,49,bios0 bios1,1200 1200,2225 2225,0.852 0.878,106 109,5 5
1528048256,9003,None,v11.6,1.3.1,None,None,33,2,2,60,working,30 30,0 0 0 0 0 0,1935 1939,49 49,45.00 49.00,47,49,bios0 bios1,1200 1200,2225 2225,0.852 0.878,106 109,5 5
1528048264,9003,None,v11.6,1.3.1,None,None,33,2,2,60,working,30 30,0 0 0 0 0 0,1935 1939,49 49,45.00 49.00,47,49,bios0 bios1,1200 1200,2225 2225,0.852 0.878,106 109,5 5
1528048265,9003,None,v11.6,1.3.1,None,None,33,2,2,60,working,30 30,0 0 0 0 0 0,1935 1939,49 49,45.00 49.00,47,49,bios0 bios1,1200 1200,2225 2225,0.852 0.878,106 109,5 5
1528048266,9003,None,v11.6,1.3.1,None,None,33,2,2,60,working,30 30,0 0 0 0 0 0,1935 1939,49 49,45.00 49.00,47,49,bios0 bios1,1200 1200,2225 2225,0.852 0.878,106 109,5 5
1528048274,9003,None,v11.6,1.3.1,None,None,33,2,2,60,working,30 30,0 0 0 0 0 0,1935 1939,49 49,45.00 49.00,47,49,bios0 bios1,1200 1200,2225 2225,0.852 0.878,106 109,5 5
1528048275,9003,None,v11.6,1.3.1,None,None,33,2,2,60,working,30 30,0 0 0 0 0 0,1935 1939,49 49,45.00 49.00,47,49,bios0 bios1,1200 1200,2225 2225,0.852 0.878,106 109,5 5
1528048276,9003,None,v11.6,1.3.1,None,None,33,2,2,60,working,30 30,0 0 0 0 0 0,1935 1939,49 49,45.00 49.00,47,49,bios0 bios1,1200 1200,2225 2225,0.852 0.878,106 109,5 5
1528048284,9003,None,v11.6,1.3.1,None,None,33,2,2,60,working,30 30,0 0 0 0 0 0,1935 1939,49 49,45.00 49.00,47,49,bios0 bios1,1200 1200,2225 2225,0.852 0.878,106 109,5 5
1528048285,9003,None,v11.6,1.3.1,None,None,33,2,2,60,working,30 30,0 0 0 0 0 0,1935 1939,49 49,45.00 49.00,47,49,bios0 bios1,1200 1200,2225 2225,0.852 0.878,106 109,5 5
1528048286,9003,None,v11.6,1.3.1,None,None,33,2,2,60,working,30 30,0 0 0 0 0 0,1935 1939,49 49,45.00 49.00,47,49,bios0 bios1,1200 1200,2225 2225,0.852 0.878,106 109,5 5
1528048294,9003,None,v11.6,1.3.1,None,None,33,2,2,60,working,30 30,0 0 0 0 0 0,1935 1939,49 49,45.00 49.00,47,49,bios0 bios1,1200 1200,2225 2225,0.852 0.878,106 109,5 5
1528048295,9003,None,v11.6,1.3.1,None,None,33,2,2,60,working,30 30,0 0 0 0 0 0,1935 1939,49 49,45.00 49.00,47,49,bios0 bios1,1200 1200,2225 2225,0.852 0.878,106 109,5 5
1528048296,9003,None,v11.6,1.3.1,None,None,33,2,2,60,working,30 30,0 0 0 0 0 0,1935 1939,49 49,45.00 49.00,47,49,bios0 bios1,1200 1200,2225 2225,0.852 0.878,106 109,5 5
1528048304,9003,None,v11.6,1.3.1,None,None,33,2,2,60,working,30 30,0 0 0 0 0 0,1935 1939,49 49,45.00 49.00,47,49,bios0 bios1,1200 1200,2225 2225,0.852 0.878,106 109,5 5
1528048305,9003,None,v11.6,1.3.1,None,None,33,2,2,60,working,30 30,0 0 0 0 0 0,1935 1939,49 49,45.00 49.00,47,49,bios0 bios1,1200 1200,2225 2225,0.852 0.878,106 109,5 5
1528048306,9003,None,v11.6,1.3.1,None,None,33,2,2,60,working,30 30,0 0 0 0 0 0,1935 1939,49 49,45.00 49.00,47,49,bios0 bios1,1200 1200,2225 2225,0.852 0.878,106 109,5 5
1528048314,9003,None,v11.6,1.3.1,None,None,33,2,2,60,working,30 30,0 0 0 0 0 0,1935 1939,49 49,45.00 49.00,47,49,bios0 bios1,1200 1200,2225 2225,0.852 0.878,106 109,5 5
1528048315,9003,None,v11.6,1.3.1,None,None,33,2,2,60,working,30 30,0 0 0 0 0 0,1935 1939,49 49,45.00 49.00,47,49,bios0 bios1,1200 1200,2225 2225,0.852 0.878,106 109,5 5
1528048316,9003,None,v11.6,1.3.1,None,None,33,2,2,60,working,30 30,0 0 0 0 0 0,1935 1939,49 49,45.00 49.00,47,49,bios0 bios1,1200 1200,2225 2225,0.852 0.878,106 109,5 5
1528048324,9003,None,v11.6,1.3.1,None,None,33,2,2,60,working,30 30,0 0 0 0 0 0,1935 1939,49 49,45.00 49.00,47,49,bios0 bios1,1200 1200,2225 2225,0.852 0.878,106 109,5 5
1528048325,9003,None,v11.6,1.3.1,None,None,33,2,2,60,working,30 30,0 0 0 0 0 0,1935 1939,49 49,45.00 49.00,47,49,bios0 bios1,1200 1200,2225 2225,0.852 0.878,106 109,5 5
1528048326,9003,None,v11.6,1.3.1,None,None,33,2,2,60,working,30 30,0 0 0 0 0 0,1935 1939,49 49,45.00 49.00,47,49,bios0 bios1,1200 1200,2225 2225,0.852 0.878,106 109,5 5
1528048334,9003,None,v11.6,1.3.1,None,None,33,2,2,60,working,30 30,0 0 0 0 0 0,1935 1939,49 49,45.00 49.00,47,49,bios0 bios1,1200 1200,2225 2225,0.852 0.878,106 109,5 5
1528048335,9003,None,v11.6,1.3.1,None,None,33,2,2,60,working,30 30,0 0 0 0 0 0,1935 1939,49 49,45.00 49.00,47,49,bios0 bios1,1200 1200,2225 2225,0.852 0.878,106 109,5 5
1528048336,9003,None,v11.6,1.3.1,None,None,33,2,2,60,working,30 30,0 0 0 0 0 0,1935 1939,49 49,45.00 49.00,47,49,bios0 bios1,1200 1200,2225 2225,0.852 0.878,106 109,5 5
1528048344,9003,None,v11.6,1.3.1,None,None,33,2,2,60,working,30 30,0 0 0 0 0 0,1935 1939,49 49,45.00 49.00,47,49,bios0 bios1,1200 1200,2225 2225,0.852 0.878,106 109,5 5
1528048345,9003,None,v11.6,1.3.1,None,None,33,2,2,60,working,30 30,0 0 0 0 0 0,1935 1939,49 49,45.00 49.00,47,49,bios0 bios1,1200 1200,2225 2225,0.852 0.878,106 109,5 5
1528048346,9003,None,v11.6,1.3.1,None,None,33,2,2,60,working,30 30,0 0 0 0 0 0,1935 1939,49 49,45.00 49.00,47,49,bios0 bios1,1200 1200,2225 2225,0.852 0.878,106 109,5 5
1528048354,9003,None,v11.6,1.3.1,None,None,33,2,2,60,working,30 30,0 0 0 0 0 0,1935 1939,49 49,45.00 49.00,47,49,bios0 bios1,1200 1200,2225 2225,0.852 0.878,106 109,5 5
1528048355,9003,None,v11.6,1.3.1,None,None,33,2,2,60,working,30 30,0 0 0 0 0 0,1935 1939,49 49,45.00 49.00,47,49,bios0 bios1,1200 1200,2225 2225,0.852 0.878,106 109,5 5
1528048356,9003,None,v11.6,1.3.1,None,None,33,2,2,60,working,30 30,0 0 0 0 0 0,1935 1939,49 49,45.00 49.00,47,49,bios0 bios1,1200 1200,2225 2225,0.852 0.878,106 109,5 5
1528048364,9003,None,v11.6,1.3.1,None,None,33,2,2,60,working,30 30,0 0 0 0 0 0,1935 1939,49 49,45.00 49.00,47,49,bios0 bios1,1200 1200,2225 2225,0.852 0.878,106 109,5 5
1528048365,9003,None,v11.6,1.3.1,None,None,33,2,2,60,working,30 30,0 0 0 0 0 0,1935 1939,49 49,45.00 49.00,47,49,bios0 bios1,1200 1200,2225 2225,0.852 0.878,106 109,5 5
1528048366,9003,None,v11.6,1.3.1,None,None,33,2,2,60,working,30 30,0 0 0 0 0 0,1935 1939,49 49,45.00 49.00,47,49,bios0 bios1,1200 1200,2225 2225,0.852 0.878,106 109,5 5
1528048374,9003,None,v11.6,1.3.1,None,None,33,2,2,60,working,30 30,0 0 0 0 0 0,1935 1939,49 49,45.00 49.00,47,49,bios0 bios1,1200 1200,2225 2225,0.852 0.878,106 109,5 5
1528048375,9003,None,v11.6,1.3.1,None,None,33,2,2,60,working,30 30,0 0 0 0 0 0,1935 1939,49 49,45.00 49.00,47,49,bios0 bios1,1200 1200,2225 2225,0.852 0.878,106 109,5 5
1528048376,9003,None,v11.6,1.3.1,None,None,33,2,2,60,working,30 30,0 0 0 0 0 0,1935 1939,49 49,45.00 49.00,47,49,bios0 bios1,1200 1200,2225 2225,0.852 0.878,106 109,5 5
1528048384,9003,None,v11.6,1.3.1,None,None,33,2,2,60,working,30 30,0 0 0 0 0 0,1935 1939,49 49,45.00 49.00,47,49,bios0 bios1,1200 1200,2225 2225,0.852 0.878,106 109,5 5
1528048385,9003,None,v11.6,1.3.1,None,None,33,2,2,60,working,30 30,0 0 0 0 0 0,1935 1939,49 49,45.00 49.00,47,49,bios0 bios1,1200 1200,2225 2225,0.852 0.878,106 109,5 5
1528048386,9003,None,v11.6,1.3.1,None,None,33,2,2,60,working,30 30,0 0 0 0 0 0,1935 1939,49 49,45.00 49.00,47,49,bios0 bios1,1200 1200,2225 2225,0.852 0.878,106 109,5 5
1528048394,9003,None,v11.6,1.3.1,None,None,33,2,2,60,working,30 30,0 0 0 0 0 0,1935 1939,49 49,45.00 49.00,47,49,bios0 bios1,1200 1200,2225 2225,0.852 0.878,106 109,5 5
1528048395,9003,None,v11.6,1.3.1,None,None,33,2,2,60,working,30 30,0 0 0 0 0 0,1935 1939,49 49,45.00 49.00,47,49,bios0 bios1,1200 1200,2225 2225,0.852 0.878,106 109,5 5
1528048396,9003,None,v11.6,1.3.1,None,None,33,2,2,60,working,30 30,0 0 0 0 0 0,1935 1939,49 49,45.00 49.00,47,49,bios0 bios1,1200 1200,2225 2225,0.852 0.878,106 109,5 5
1528048404,9003,None,v11.6,1.3.1,None,None,33,2,2,60,working,30 30,0 0 0 0 0 0,1935 1939,49 49,45.00 49.00,47,49,bios0 bios1,1200 1200,2225 2225,0.852 0.878,106 109,5 5
1528048405,9003,None,v11.6,1.3.1,None,None,33,2,2,60,working,30 30,0 0 0 0 0 0,1935 1939,49 49,45.00 49.00,47,49,bios0 bios1,1200 1200,2225 2225,0.852 0.878,106 109,5 5
1528048406,9003,None,v11.6,1.3.1,None,None,33,2,2,60,working,30 30,0 0 0 0 0 0,1935 1939,49 49,45.00 49.00,47,49,bios0 bios1,1200 1200,2225 2225,0.852 0.878,106 109,5 5
1528048414,9003,None,v11.6,1.3.1,None,None,33,2,2,60,working,30 30,0 0 0 0 0 0,1935 1939,49 49,45.00 49.00,47,49,bios0 bios1,1200 1200,2225 2225,0.852 0.878,106 109,5 5
1528048415,9003,None,v11.6,1.3.1,None,None,33,2,2,60,working,30 30,0 0 0 0 0 0,1935 1939,49 49,45.00 49.00,47,49,bios0 bios1,1200 1200,2225 2225,0.852 0.878,106 109,5 5
1528048416,9003,None,v11.6,1.3.1,None,None,33,2,2,60,working,30 30,0 0 0 0 0 0,1935 1939,49 49,45.00 49.00,47,49,bios0 bios1,1200 1200,2225 2225,0.852 0.878,106 109,5 5
1528048424,9003,None,v11.6,1.3.1,None,None,33,2,2,60,working,30 30,0 0 0 0 0 0,1935 1939,49 49,45.00 49.00,47,49,bios0 bios1,1200 1200,2225 2225,0.852 0.878,106 109,5 5
1528048425,9003,None,v11.6,1.3.1,None,None,33,2,2,60,working,30 30,0 0 0 0 0 0,1935 1939,49 49,45.00 49.00,47,49,bios0 bios1,1200 1200,2225 2225,0.852 0.878,106 109,5 5
1528048426,9003,None,v11.6,1.3.1,None,None,33,2,2,60,working,30 30,0 0 0 0 0 0,1935 1939,49 49,45.00 49.00,47,49,bios0 bios1,1200 1200,2225 2225,0.852 0.878,106 109,5 5
1528048434,9003,None,v11.6,1.3.1,None,None,33,2,2,60,working,30 30,0 0 0 0 0 0,1935 1939,49 49,45.00 49.00,47,49,bios0 bios1,1200 1200,2225 2225,0.852 0.878,106 109,5 5
1528048435,9003,None,v11.6,1.3.1,None,None,33,2,2,60,working,30 30,0 0 0 0 0 0,1935 1939,49 49,45.00 49.00,47,49,bios0 bios1,1200 1200,2225 2225,0.852 0.878,106 109,5 5
1528048436,9003,None,v11.6,1.3.1,None,None,33,2,2,60,working,30 30,0 0 0 0 0 0,1935 1939,49 49,45.00 49.00,47,49,bios0 bios1,1200 1200,2225 2225,0.852 0.878,106 109,5 5
1528048444,9003,None,v11.6,1.3.1,None,None,33,2,2,60,working,30 30,0 0 0 0 0 0,1935 1939,49 49,45.00 49.00,47,49,bios0 bios1,1200 1200,2225 2225,0.852 0.878,106 109,5 5
1528048445,9003,None,v11.6,1.3.1,None,None,33,2,2,60,working,30 30,0 0 0 0 0 0,1935 1939,49 49,45.00 49.00,47,49,bios0 bios1,1200 1200,2225 2225,0.852 0.878,106 109,5 5
1528048446,9003,None,v11.6,1.3.1,None,None,33,2,2,60,working,30 30,0 0 0 0 0 0,1935 1939,49 49,45.00 49.00,47,49,bios0 bios1,1200 1200,2225 2225,0.852 0.878,106 109,5 5
1528048454,9003,None,v11.6,1.3.1,None,None,33,2,2,60,working,30 30,0 0 0 0 0 0,1935 1939,49 49,45.00 49.00,47,49,bios0 bios1,1200 1200,2225 2225,0.852 0.878,106 109,5 5
1528048455,9003,None,v11.6,1.3.1,None,None,33,2,2,60,working,30 30,0 0 0 0 0 0,1935 1939,49 49,45.00 49.00,47,49,bios0 bios1,1200 1200,2225 2225,0.852 0.878,106 109,5 5
1528048456,9003,None,v11.6,1.3.1,None,None,33,2,2,60,working,30 30,0 0 0 0 0 0,1935 1939,49 49,45.00 49.00,47,49,bios0 bios1,1200 1200,2225 2225,0.852 0.878,106 109,5 5
1528048464,9003,None,v11.6,1.3.1,None,None,33,2,2,60,working,30 30,0 0 0 0 0 0,1935 1939,49 49,45.00 49.00,47,49,bios0 bios1,1200 1200,2225 2225,0.852 0.878,106 109,5 5
1528048465,9003,None,v11.6,1.3.1,None,None,33,2,2,60,working,30 30,0 0 0 0 0 0,1935 1939,49 49,45.00 49.00,47,49,bios0 bios1,1200 1200,2225 2225,0.852 0.878,106 109,5 5
1528048466,9003,None,v11.6,1.3.1,None,None,33,2,2,60,working,30 30,0 0 0 0 0 0,1935 1939,49 49,45.00 49.00,47,49,bios0 bios1,1200 1200,2225 2225,0.852 0.878,106 109,5 5
1528048474,9003,None,v11.6,1.3.1,None,None,33,2,2,60,working,30 30,0 0 0 0 0 0,1935 1939,49 49,45.00 49.00,47,49,bios0 bios1,1200 1200,2225 2225,0.852 0.878,106 109,5 5
1528048475,9003,None,v11.6,1.3.1,None,None,33,2,2,60,working,30 30,0 0 0 0 0 0,1935 1939,49 49,45.00 49.00,47,49,bios0 bios1,1200 1200,2225 2225,0.852 0.878,106 109,5 5
1528048476,9003,None,v11.6,1.3.1,None,None,33,2,2,60,working,30 30,0 0 0 0 0 0,1935 1939,49 49,45.00 49.00,47,49,bios0 bios1,1200 1200,2225 2225,0.852 0.878,106 109,5 5
1528048484,9003,None,v11.6,1.3.1,None,None,33,2,2,60,working,30 30,0 0 0 0 0 0,1935 1939,49 49,45.00 49.00,47,49,bios0 bios1,1200 1200,2225 2225,0.852 0.878,106 109,5 5
1528048485,9003,None,v11.6,1.3.1,None,None,33,2,2,60,working,30 30,0 0 0 0 0 0,1935 1939,49 49,45.00 49.00,47,49,bios0 bios1,1200 1200,2225 2225,0.852 0.878,106 109,5 5
1528048486,9003,None,v11.6,1.3.1,None,None,33,2,2,60,working,30 30,0 0 0 0 0 0,1935 1939,49 49,45.00 49.00,47,49,bios0 bios1,1200 1200,2225 2225,0.852 0.878,106 109,5 5
1528048494,9003,None,v11.6,1.3.1,None,None,33,2,2,60,working,30 30,0 0 0 0 0 0,1935 1939,49 49,45.00 49.00,47,49,bios0 bios1,1200 1200,2225 2225,0.852 0.878,106 109,5 5
1528048495,9003,None,v11.6,1.3.1,None,None,33,2,2,60,working,30 30,0 0 0 0 0 0,1935 1939,49 49,45.00 49.00,47,49,bios0 bios1,1200 1200,2225 2225,0.852 0.878,106 109,5 5
1528048496,9003,None,v11.6,1.3.1,None,None,33,2,2,60,working,30 30,0 0 0 0 0 0,1935 1939,49 49,45.00 49.00,47,49,bios0 bios1,1200 1200,2225 2225,0.852 0.878,106 109,5 5
1528048504,9003,None,v11.6,1.3.1,None,None,33,2,2,60,working,30 30,0 0 0 0 0 0,1935 1939,49 49,45.00 49.00,47,49,bios0 bios1,1200 1200,2225 2225,0.852 0.878,106 109,5 5
1528048505,9003,None,v11.6,1.3.1,None,None,33,2,2,60,working,30 30,0 0 0 0 0 0,1935 1939,49 49,45.00 49.00,47,49,bios0 bios1,1200 1200,2225 2225,0.852 0.878,106 109,5 5
1528048506,9003,None,v11.6,1.3.1,None,None,33,2,2,60,working,30 30,0 0 0 0 0 0,1935 1939,49 49,45.00 49.00,47,49,bios0 bios1,1200 1200,2225 2225,0.852 0.878,106 109,5 5
1528048514,9003,None,v11.6,1.3.1,None,None,33,2,2,60,working,30 30,0 0 0 0 0 0,1935 1939,49 49,45.00 49.00,47,49,bios0 bios1,1200 1200,2225 2225,0.852 0.878,106 109,5 5
1528048515,9003,None,v11.6,1.3.1,None,None,33,2,2,60,working,30 30,0 0 0 0 0 0,1935 1939,49 49,45.00 49.00,47,49,bios0 bios1,1200 1200,2225 2225,0.852 0.878,106 109,5 5
1528048516,9003,None,v11.6,1.3.1,None,None,33,2,2,60,working,30 30,0 0 0 0 0 0,1935 1939,49 49,45.00 49.00,47,49,bios0 bios1,1200 1200,2225 2225,0.852 0.878,106 109,5 5
1528048524,9003,None,v11.6,1.3.1,None,None,33,2,2,60,working,30 30,0 0 0 0 0 0,1935 1939,49 49,45.00 49.00,47,49,bios0 bios1,1200 1200,2225 2225,0.852 0.878,106 109,5 5
1528048525,9003,None,v11.6,1.3.1,None,None,33,2,2,60,working,30 30,0 0 0 0 0 0,1935 1939,49 49,45.00 49.00,47,49,bios0 bios1,1200 1200,2225 2225,0.852 0.878,106 109,5 5
1528048526,9003,None,v11.6,1.3.1,None,None,33,2,2,60,working,30 30,0 0 0 0 0 0,1935 1939,49 49,45.00 49.00,47,49,bios0 bios1,1200 1200,2225 2225,0.852 0.878,106 109,5 5
1528048534,9003,None,v11.6,1.3.1,None,None,33,2,2,60,working,30 30,0 0 0 0 0 0,1935 1939,49 49,45.00 49.00,47,49,bios0 bios1,1200 1200,2225 2225,0.852 0.878,106 109,5 5
1528048535,9003,None,v11.6,1.3.1,None,None,33,2,2,60,working,30 30,0 0 0 0 0 0,1935 1939,49 49,45.00 49.00,47,49,bios0 bios1,1200 1200,2225 2225,0.852 0.878,106 109,5 5
1528048536,9003,None,v11.6,1.3.1,None,None,33,2,2,60,working,30 30,0 0 0 0 0 0,1935 1939,49 49,45.00 49.00,47,49,bios0 bios1,1200 1200,2225 2225,0.852 0.878,106 109,5 5
1528048544,9003,None,v11.6,1.3.1,None,None,33,2,2,60,working,30 30,0 0 0 0 0 0,1935 1939,49 49,45.00 49.00,47,49,bios0 bios1,1200 1200,2225 2225,0.852 0.878,106 109,5 5
1528048546,9003,None,v11.6,1.3.1,None,None,33,2,2,60,working,30 30,0 0 0 0 0 0,1935 1939,49 49,45.00 49.00,47,49,bios0 bios1,1200 1200,2225 2225,0.852 0.878,106 109,5 5
1528048546,9003,None,v11.6,1.3.1,None,None,33,2,2,60,working,30 30,0 0 0 0 0 0,1935 1939,49 49,45.00 49.00,47,49,bios0 bios1,1200 1200,2225 2225,0.852 0.878,106 109,5 5
1528048554,9003,None,v11.6,1.3.1,None,None,33,2,2,60,working,30 30,0 0 0 0 0 0,1935 1939,49 49,45.00 49.00,47,49,bios0 bios1,1200 1200,2225 2225,0.852 0.878,106 109,5 5
1528048556,9003,None,v11.6,1.3.1,None,None,33,2,2,60,working,30 30,0 0 0 0 0 0,1935 1939,49 49,45.00 49.00,47,49,bios0 bios1,1200 1200,2225 2225,0.852 0.878,106 109,5 5
1528048556,9003,None,v11.6,1.3.1,None,None,33,2,2,60,working,30 30,0 0 0 0 0 0,1935 1939,49 49,45.00 49.00,47,49,bios0 bios1,1200 1200,2225 2225,0.852 0.878,106 109,5 5
1528048564,9003,None,v11.6,1.3.1,None,None,33,2,2,60,working,30 30,0 0 0 0 0 0,1935 1939,49 49,45.00 49.00,47,49,bios0 bios1,1200 1200,2225 2225,0.852 0.878,106 109,5 5
1528048566,9003,None,v11.6,1.3.1,None,None,33,2,2,60,working,30 30,0 0 0 0 0 0,1935 1939,49 49,45.00 49.00,47,49,bios0 bios1,1200 1200,2225 2225,0.852 0.878,106 109,5 5
1528048566,9003,None,v11.6,1.3.1,None,None,33,2,2,60,working,30 30,0 0 0 0 0 0,1935 1939,49 49,45.00 49.00,47,49,bios0 bios1,1200 1200,2225 2225,0.852 0.878,106 109,5 5
1528048574,9003,None,v11.6,1.3.1,None,None,33,2,2,60,working,30 30,0 0 0 0 0 0,1935 1939,49 49,45.00 49.00,47,49,bios0 bios1,1200 1200,2225 2225,0.852 0.878,106 109,5 5
1528048576,9003,None,v11.6,1.3.1,None,None,33,2,2,60,working,30 30,0 0 0 0 0 0,1935 1939,49 49,45.00 49.00,47,49,bios0 bios1,1200 1200,2225 2225,0.852 0.878,106 109,5 5
1528048576,9003,None,v11.6,1.3.1,None,None,33,2,2,60,working,30 30,0 0 0 0 0 0,1935 1939,49 49,45.00 49.00,47,49,bios0 bios1,1200 1200,2225 2225,0.852 0.878,106 109,5 5
